,computational time (min),score test ,score training,splits
values,12.31041198571523,0.517362059844314,0.6200534128745838,5
