,computational time (min),score test ,score training,splits
values,0.1003011186917623,0.49949558129211896,0.5737522281639929,5
