,computational time (min),score test ,score training,splits
values,22.00610648393631,0.5184869748216705,0.7521816037735849,5
