,computational time (min),score test ,score training,splits
values,21.026361366113026,0.5184869748216705,0.7521816037735849,5
