,computational time (min),score test ,score training,splits
values,12.457867952187856,0.5168824449314877,0.6687298834628191,5
