,computational time (min),score test ,score training,splits
values,42.24970157543818,0.5191787829989594,0.8254890399556049,5
