,computational time (min),score test ,score training,splits
values,11.696307647228242,0.5144698365821188,0.5942611536070552,5
