,computational time (min),score test ,score training,splits
values,16.57533630927404,0.5177826881408691,0.5403933525085449,5
